critiques,labels
Didn't meet the expectations with the predictable storyline. Skip this one.,0
Struggled to get through the underwhelming visuals. A letdown.,0
Didn't meet the expectations with the dull plot. Left much to be desired.,0
Absolutely loved the brilliant storyline. A must-watch!,1
Was blown away by the exceptional directing. Will watch it again.,1
Was blown away by the brilliant storyline. Truly a masterpiece.,1
Was blown away by the amazing performances. A must-watch!,1
Didn't meet the expectations with the poor directing. Left much to be desired.,0
Thoroughly enjoyed the captivating plot. Will watch it again.,1
Highly recommend the stunning visuals. Will watch it again.,1
Absolutely loved the stunning visuals. A classic in the making.,1
Highly recommend the amazing performances. Left me speechless.,1
Was disappointed by the underwhelming visuals. A letdown.,0
Can't praise enough the brilliant storyline. Will watch it again.,1
Failed to deliver on the dull plot. Wouldn't recommend.,0
Was blown away by the amazing performances. Truly a masterpiece.,1
Didn't meet the expectations with the underwhelming visuals. Skip this one.,0
Had higher hopes for the lackluster performances. Skip this one.,0
Was blown away by the captivating plot. Left me speechless.,1
Thoroughly enjoyed the amazing performances. A classic in the making.,1
Struggled to get through the lackluster performances. Skip this one.,0
Was disappointed by the poor directing. Left much to be desired.,0
Can't praise enough the captivating plot. A classic in the making.,1
Highly recommend the captivating plot. Will watch it again.,1
Failed to deliver on the lackluster performances. Skip this one.,0
Absolutely loved the amazing performances. Truly a masterpiece.,1
Thoroughly enjoyed the exceptional directing. Will watch it again.,1
Had higher hopes for the poor directing. Left much to be desired.,0
Absolutely loved the stunning visuals. Truly a masterpiece.,1
Was disappointed by the poor directing. Skip this one.,0
Highly recommend the amazing performances. A classic in the making.,1
Can't praise enough the captivating plot. Truly a masterpiece.,1
Failed to deliver on the predictable storyline. Not worth the time.,0
Absolutely loved the exceptional directing. Will watch it again.,1
Had higher hopes for the lackluster performances. Wouldn't recommend.,0
Was blown away by the stunning visuals. Truly a masterpiece.,1
Failed to deliver on the dull plot. Left much to be desired.,0
Had higher hopes for the underwhelming visuals. A letdown.,0
Absolutely loved the stunning visuals. A must-watch!,1
Highly recommend the exceptional directing. Will watch it again.,1
Can't praise enough the amazing performances. Will watch it again.,1
Highly recommend the amazing performances. Left me speechless.,1
Was blown away by the stunning visuals. Left me speechless.,1
Was disappointed by the lackluster performances. A letdown.,0
Can't praise enough the amazing performances. A classic in the making.,1
Thoroughly enjoyed the amazing performances. Will watch it again.,1
Struggled to get through the lackluster performances. Wouldn't recommend.,0
Thoroughly enjoyed the brilliant storyline. Will watch it again.,1
Failed to deliver on the predictable storyline. A letdown.,0
Thoroughly enjoyed the exceptional directing. Will watch it again.,1
Absolutely loved the captivating plot. Will watch it again.,1
Thoroughly enjoyed the exceptional directing. A classic in the making.,1
Thoroughly enjoyed the exceptional directing. A classic in the making.,1
Was blown away by the exceptional directing. Will watch it again.,1
Thoroughly enjoyed the captivating plot. A must-watch!,1
Had higher hopes for the underwhelming visuals. Skip this one.,0
Was blown away by the exceptional directing. Truly a masterpiece.,1
Struggled to get through the underwhelming visuals. Skip this one.,0
Thoroughly enjoyed the amazing performances. Left me speechless.,1
Struggled to get through the underwhelming visuals. A letdown.,0
Didn't meet the expectations with the underwhelming visuals. Left much to be desired.,0
Had higher hopes for the dull plot. A letdown.,0
Struggled to get through the lackluster performances. Not worth the time.,0
Absolutely loved the captivating plot. Left me speechless.,1
Struggled to get through the dull plot. Left much to be desired.,0
Was disappointed by the predictable storyline. Wouldn't recommend.,0
Absolutely loved the exceptional directing. A classic in the making.,1
Had higher hopes for the dull plot. Not worth the time.,0
Had higher hopes for the predictable storyline. Not worth the time.,0
Failed to deliver on the poor directing. Skip this one.,0
Had higher hopes for the lackluster performances. A letdown.,0
Thoroughly enjoyed the exceptional directing. A classic in the making.,1
Failed to deliver on the poor directing. Left much to be desired.,0
Can't praise enough the stunning visuals. Left me speechless.,1
Struggled to get through the predictable storyline. Wouldn't recommend.,0
Didn't meet the expectations with the predictable storyline. A letdown.,0
Struggled to get through the underwhelming visuals. Wouldn't recommend.,0
Thoroughly enjoyed the amazing performances. A classic in the making.,1
Failed to deliver on the lackluster performances. Left much to be desired.,0
Had higher hopes for the predictable storyline. A letdown.,0
Was disappointed by the dull plot. Not worth the time.,0
Had higher hopes for the lackluster performances. Wouldn't recommend.,0
Absolutely loved the exceptional directing. Will watch it again.,1
Highly recommend the amazing performances. Truly a masterpiece.,1
Highly recommend the exceptional directing. A classic in the making.,1
Was disappointed by the underwhelming visuals. Left much to be desired.,0
Was blown away by the exceptional directing. Left me speechless.,1
Highly recommend the amazing performances. Truly a masterpiece.,1
Highly recommend the brilliant storyline. A classic in the making.,1
Struggled to get through the lackluster performances. Skip this one.,0
Was disappointed by the predictable storyline. Not worth the time.,0
Didn't meet the expectations with the poor directing. Left much to be desired.,0
Was disappointed by the dull plot. Left much to be desired.,0
Didn't meet the expectations with the poor directing. A letdown.,0
Can't praise enough the amazing performances. A classic in the making.,1
Struggled to get through the underwhelming visuals. Skip this one.,0
Struggled to get through the poor directing. Skip this one.,0
Absolutely loved the stunning visuals. A must-watch!,1
Struggled to get through the dull plot. A letdown.,0
Failed to deliver on the lackluster performances. A letdown.,0
Didn't meet the expectations with the predictable storyline. Skip this one.,0
Struggled to get through the underwhelming visuals. A letdown.,0
Didn't meet the expectations with the dull plot. Left much to be desired.,0
Absolutely loved the brilliant storyline. A must-watch!,1
Was blown away by the exceptional directing. Will watch it again.,1
Was blown away by the brilliant storyline. Truly a masterpiece.,1
Was blown away by the amazing performances. A must-watch!,1
Didn't meet the expectations with the poor directing. Left much to be desired.,0
Thoroughly enjoyed the captivating plot. Will watch it again.,1
Highly recommend the stunning visuals. Will watch it again.,1
Absolutely loved the stunning visuals. A classic in the making.,1
Highly recommend the amazing performances. Left me speechless.,1
Was disappointed by the underwhelming visuals. A letdown.,0
Can't praise enough the brilliant storyline. Will watch it again.,1
Had higher hopes for the lackluster performances. Wouldn't recommend.,0
Absolutely loved the exceptional directing. Will watch it again.,1
Highly recommend the amazing performances. Truly a masterpiece.,1
Highly recommend the exceptional directing. A classic in the making.,1
Was disappointed by the underwhelming visuals. Left much to be desired.,0
Was blown away by the exceptional directing. Left me speechless.,1
Highly recommend the amazing performances. Truly a masterpiece.,1
Highly recommend the brilliant storyline. A classic in the making.,1
Struggled to get through the lackluster performances. Skip this one.,0
Was disappointed by the predictable storyline. Not worth the time.,0
